Fashion Fusion,+23163006584,New Zealand,29768₽,ladder
Haute Hues,+85713864234,Somalia,68128₽,woman
Makeup Maven,+13393298694,Poland,18613₽,maintenance
Sophisticated Sewing,+10305000813,Vietnam,35499₽,ladder
Modern Maven,+55477985818,Cameroon,41730₽,library
Sophisticated Sewing,+62779511039,Ecuador,43779₽,drawer
Nail Nook,+97801505630,Vietnam,75355₽,context
Refined Rags,+98894964238,Algeria,33269₽,truth
Sleek Styles,+65766098719,Qatar,41872₽,steak
Lash Lounge,+29266218251,Mozambique,75874₽,wood
Glow Getter,+7886253347,Lebanon,62374₽,indication
Glow Getter,+5777711045,Angola,95012₽,emphasis
Sophisticated Sewing,+10239446767,Indonesia,33771₽,construction
Salon Suites,+3354296566,Mali,74933₽,indication
Brow Boosters,+71139731249,Lebanon,65222₽,maintenance
Chic Boutique,+5114646689,Dominica,15584₽,mode
Stellar Stitches,+86588075543,Eritrea,14613₽,pie
Refined Rags,+60166815914,India,75857₽,organization
Trendy Threads,+12716254558,Guyana,74869₽,marriage
Urban Upmarket,+5547530728,Chile,57367₽,signature
Smart Styles,+92465595560,"Congo, Democratic Republic of the",71475₽,agreement
Dapper Designs,+86593188839,Togo,27069₽,emphasis
Trendy Threads,+86553441009,Qatar,93942₽,pizza
Lash Lounge,+72339108814,Equatorial Guinea,17007₽,awareness
Stellar Stitches,+3337837814,Oman,44961₽,concept
Haute Hues,+99431175711,Costa Rica,54823₽,concept
Trendy Threads,+76505709265,Cape Verde,10592₽,cell
Body Bliss,+35606734555,Nicaragua,52267₽,employee
Posh Patterns,+86533258130,Greece,48535₽,administration
Sleek Styles,+23384635108,Croatia,82635₽,departure
Refined Rags,+63309292092,Vietnam,23009₽,selection
Elite Elegance,+18170813714,Hungary,88340₽,signature
Clipper Cuts,+14476567735,South Sudan,93363₽,entry
Nail Nook,+66255337518,Uganda,91928₽,preparation
Chic Boutique,+77125178728,Croatia,74455₽,tennis
Trendsetting Tailors,+70159067907,Tonga,33998₽,family
Salon Suites,+73411374131,Peru,46694₽,library
Stellar Stitches,+32799474863,Romania,66743₽,marriage
Smart Styles,+8371006973,Comoros,59888₽,elevator
Haute Hues,+95899233011,Brazil,56317₽,perception
Dapper Designs,+64206935738,Cote d'Ivoire,21256₽,woman
Skin Studio,+84193854347,Mauritania,25857₽,map
Haute Hues,+16669405632,The Gambia,44922₽,county
Modern Maven,+24237224309,Macedonia,64555₽,description
Stellar Stitches,+46825233048,Costa Rica,51216₽,breath
Classy Chic,+50270087588,South Sudan,38851₽,ladder
Haute Hues,+11266971535,Saint Vincent and the Grenadines,93503₽,indication
Smart Styles,+25127901139,Pakistan,19680₽,fishing
Classy Chic,+27822525592,Barbados,74708₽,hat
Crisp Creations,+17796336624,Fiji,52040₽,awareness
Stellar Stitches,+93568388062,Afghanistan,89504₽,pizza
Lash Lounge,+6621462233,Namibia,17573₽,nature
Modern Maven,+67896572653,Bangladesh,73191₽,revenue
Lash Lounge,+6220557141,Venezuela,33403₽,cigarette
Skin Studio,+44166735128,Venezuela,70650₽,drawer
Brow Boosters,+11897131769,Bangladesh,42574₽,secretary
